{
  "ground_color": [
    0.5,
    0.5,
    0.5
  ],
  "wall_color": [
    0.7,
    0.7,
    0.7
  ],
  "wall_height": 2.0,
  "map_size": 10.0,
  "ground_friction_static": 0.2,
  "ground_friction_dynamic": 0.2,
  "ground_restitution": 0.01,
  "box_friction_static": 0.8,
  "box_friction_dynamic": 0.7,
  "box_restitution": 0.1,
  "dome_light_intensity": 600.0,
  "marker_radius": 0.3,
  "goal_hemisphere_diameter": 1.0,
  "use_object": true,
  "object_type": "box",
  "wall_depth_min": 0.3,
  "wall_depth_max": 1.0,
  "gate_y_offset_min": -2.0,
  "gate_y_offset_max": 2.0,
  "gap_min": 1.0,
  "gap_max": 1.5,
  "gate_location_min": 0.2,
  "gate_location_max": 0.8,
  "gate_color": [
    0.5,
    0.3,
    0.1
  ],
  "start_position": [
    0.056470767481431317,
    -3.528946174254144
  ],
  "goal_position": [
    -3.7503548030440257,
    3.2998281345163862
  ],
  "box_position": [
    1.0398166360995884,
    0.6817990880833642,
    0.25
  ],
  "box_scale": [
    1.0313132455324872,
    1.8449803796112805,
    0.49139514917346283
  ],
  "box_mass": 8.917762793893834,
  "box_color": [
    0.6,
    0.4,
    0.2
  ],
  "robot_height": 0.65,
  "randomize": true,
  "max_vx": 2.0,
  "max_vy": 2.0,
  "max_yaw": 2.0,
  "acc_vx": 5.0,
  "acc_vy": 5.0,
  "acc_yaw": 10.0,
  "decay_vx": 0.7,
  "decay_vy": 0.7,
  "decay_yaw": 0.6,
  "update_dt": 0.02
}