{
  "ground_color": [
    0.5,
    0.5,
    0.5
  ],
  "wall_color": [
    0.7,
    0.7,
    0.7
  ],
  "wall_height": 2.0,
  "map_size": 10.0,
  "ground_friction_static": 0.2,
  "ground_friction_dynamic": 0.2,
  "ground_restitution": 0.01,
  "box_friction_static": 0.8,
  "box_friction_dynamic": 0.7,
  "box_restitution": 0.1,
  "dome_light_intensity": 600.0,
  "marker_radius": 0.3,
  "goal_hemisphere_diameter": 1.0,
  "use_object": true,
  "object_type": "box",
  "wall_depth_min": 0.3,
  "wall_depth_max": 1.0,
  "gate_y_offset_min": -2.0,
  "gate_y_offset_max": 2.0,
  "gap_min": 1.0,
  "gap_max": 1.5,
  "gate_location_min": 0.2,
  "gate_location_max": 0.8,
  "gate_color": [
    0.5,
    0.3,
    0.1
  ],
  "start_position": [
    -3.6959909058815983,
    1.8025169295523247
  ],
  "goal_position": [
    3.978706561113124,
    0.19527135084862746
  ],
  "box_position": [
    2.275075333860369,
    3.0390968124927156,
    0.25
  ],
  "box_scale": [
    0.8576724024121066,
    0.8371519255646449,
    0.40766385712205566
  ],
  "box_mass": 8.136610678218155,
  "box_color": [
    0.6,
    0.4,
    0.2
  ],
  "robot_height": 0.65,
  "randomize": true,
  "max_vx": 2.0,
  "max_vy": 2.0,
  "max_yaw": 2.0,
  "acc_vx": 5.0,
  "acc_vy": 5.0,
  "acc_yaw": 10.0,
  "decay_vx": 0.7,
  "decay_vy": 0.7,
  "decay_yaw": 0.6,
  "update_dt": 0.02
}